{
  "//": "This file was generated by the `vercel build` command. It is not part of the Build Output API.",
  "target": "preview",
  "argv": [
    "/home/ubuntu/.nvm/versions/node/v22.20.0/bin/node",
    "/workspace/reown-app/node_modules/.bin/vercel",
    "build"
  ],
  "builds": [
    {
      "require": "@vercel/next",
      "requirePath": "/workspace/reown-app/node_modules/@vercel/next/dist/index",
      "apiVersion": 2,
      "src": "package.json",
      "use": "@vercel/next",
      "config": {
        "zeroConfig": true,
        "framework": "nextjs"
      }
    }
  ]
}
