[{"name":"vc.builder.install","duration":1475611,"timestamp":922110147946,"id":"6b7f263a-89b0-40e9-9cd8-7d22189dd7b8","parentId":"2fbe29f9-cbd6-404e-b8f4-eecac0dfb2f6","tags":{"cliType":"npm","lockfileVersion":"3"},"startTime":1759472693419},{"name":"vc.builder.build","duration":18514793,"timestamp":922111625418,"id":"28e5852f-920c-4004-8cc1-6d544e73cd93","parentId":"2fbe29f9-cbd6-404e-b8f4-eecac0dfb2f6","tags":{"buildScriptName":"build"},"startTime":1759472694897},{"name":"vc.builder","duration":20400594,"timestamp":922110121364,"id":"2fbe29f9-cbd6-404e-b8f4-eecac0dfb2f6","parentId":"f6b4a9a3-dd50-469a-9426-74b948f93179","tags":{"name":"@vercel/next","install":"true","build":"true"},"startTime":1759472693393},{"name":"vc.builder.diagnostics","duration":812,"timestamp":922130522123,"id":"2514d906-86e2-4927-9313-c97c789d7526","parentId":"2fbe29f9-cbd6-404e-b8f4-eecac0dfb2f6","tags":{},"startTime":1759472713793},{"name":"vc.builder.writeBuildResult","duration":34308,"timestamp":922130523034,"id":"435ed9c4-e850-447c-a47d-b7ea77cf1b8f","parentId":"2fbe29f9-cbd6-404e-b8f4-eecac0dfb2f6","tags":{"buildOutputLength":"1"},"startTime":1759472713794},{"name":"vc.doBuild","duration":20635901,"timestamp":922109932677,"id":"f6b4a9a3-dd50-469a-9426-74b948f93179","parentId":"dae85cae-9c6e-41ed-b06b-16e5f70e7595","tags":{},"startTime":1759472693204},{"name":"vc","duration":20653459,"timestamp":922109915135,"id":"dae85cae-9c6e-41ed-b06b-16e5f70e7595","tags":{},"startTime":1759472693186}]